{"TiempoSleep": 5, "MaxIteraciones": 5}
{"Iteracion": 1, "PuntosX": [1.4191263914108276, 1.4246628284454346, 1.4390227794647217, 1.550381064414978, 1.5536465644836426, 1.5666099786758423, 1.1425167322158813, 1.139472246170044, 1.136492371559143, 1.1335505247116089, 1.1377925872802734, 1.1462445259094238, 1.1547632217407227, 1.1632659435272217, 1.1893399953842163, 1.209638237953186, 1.1907795667648315, 1.188129186630249, 1.1855030059814453, 1.1829006671905518, 1.187862753868103, 1.1970523595809937, 1.206345796585083, 1.2211912870407104, 1.7889147996902466, 1.7882320880889893, 1.799404501914978, 1.7539654970169067, 1.6880426406860352, 1.661354422569275, 1.6419885158538818, 1.6252272129058838, 1.6137197017669678, 1.6026146411895752, 1.5943180322647095, 1.587119460105896, 1.5804381370544434, 1.5763351917266846, 1.5722471475601196, 1.569187045097351, 1.567838191986084, 1.5664888620376587, 1.5665782690048218, 1.5679701566696167, 1.569367527961731, 1.5731221437454224, 1.5776269435882568, 1.5830895900726318, 1.5915558338165283, 1.6005080938339233, 1.6148145198822021, 1.632700800895691, 1.6602376699447632, 1.141175627708435, 1.1185859441757202, 1.1135073900222778, 1.109908938407898, 1.106314778327942, 1.1027240753173828, 1.1029125452041626, 1.108218789100647, 1.1136094331741333, 1.1190860271453857, 1.1409721374511719, 1.0234922170639038, 1.0064252614974976, 0.9897973537445068, 0.9840328097343445, 0.9807491302490234, 0.9774613976478577, 0.9741688966751099, 0.9712947607040405, 0.9770625233650208, 0.9829502701759338, 0.9889629483222961, 1.0256270170211792], "PuntosY": [-1.128824234008789, -1.113068699836731, -1.104201316833496, -0.9500749111175537, -0.9335247874259949, -0.9228036999702454, -0.5086812973022461, -0.4954565167427063, -0.4824123680591583, -0.4695320427417755, -0.45969799160957336, -0.45151758193969727, -0.4432719945907593, -0.4349272847175598, -0.4328843057155609, -0.3583112061023712, -0.34145060181617737, -0.32949718832969666, -0.3176546096801758, -0.30591899156570435, -0.29616740345954895, -0.28738686442375183, -0.278506875038147, -0.2707315981388092, -0.23551514744758606, -0.21956712007522583, -0.20501622557640076, 1.6530975699424744e-08, 0.014731427654623985, 0.028999025002121925, 0.0429970920085907, 0.05675427243113518, 0.07045657187700272, 0.08398956805467606, 0.09751259535551071, 0.1109820157289505, 0.1243831068277359, 0.13791149854660034, 0.15139031410217285, 0.1649283766746521, 0.17863252758979797, 0.1923406571149826, 0.2062440663576126, 0.2203638255596161, 0.2345435619354248, 0.24915811419487, 0.264004111289978, 0.2791413366794586, 0.29497748613357544, 0.31110724806785583, 0.3285376727581024, 0.34704145789146423, 0.3680659830570221, 0.3164760172367096, 0.3207494020462036, 0.3298359513282776, 0.339333176612854, 0.34881970286369324, 0.3582967221736908, 0.36902934312820435, 0.3815903067588806, 0.39434972405433655, 0.40731391310691833, 0.426592081785202, 0.423944354057312, 0.42720216512680054, 0.43037620186805725, 0.43811964988708496, 0.4469532370567322, 0.4557977616786957, 0.46465474367141724, 0.4737321436405182, 0.4871452748775482, 0.5008382201194763, 0.5148216485977173, 0.5453353524208069]}
{"Iteracion": 2, "PuntosX": [1.419560194015503, 1.424964427947998, 1.4392354488372803, 1.5508008003234863, 1.554032564163208, 1.5669515132904053, 1.349062442779541, 1.327486276626587, 1.3229179382324219, 1.322596788406372, 1.322278380393982, 1.3269240856170654, 1.340237021446228, 1.3537421226501465, 1.4306981563568115, 1.4132415056228638, 1.4036974906921387, 1.4034632444381714, 1.403229832649231, 1.4029970169067383, 1.4170666933059692, 1.432653546333313, 1.7892346382141113, 1.7887519598007202, 1.8003448247909546, 1.7507520914077759, 1.688018798828125, 1.6613438129425049, 1.6422146558761597, 1.6254581212997437, 1.6140931844711304, 1.6029901504516602, 1.5947983264923096, 1.5876011848449707, 1.5810072422027588, 1.5769057273864746, 1.5728199481964111, 1.5698432922363281, 1.5684964656829834, 1.5671496391296387, 1.567327618598938, 1.5687228441238403, 1.5701239109039307, 1.5739824771881104, 1.578493595123291, 1.584089994430542, 1.5925663709640503, 1.60171639919281, 1.6160410642623901, 1.6342802047729492, 1.6626625061035156, 1.1409094333648682, 1.1184179782867432, 1.1140519380569458, 1.1104539632797241, 1.1068594455718994, 1.1032695770263672, 1.1038613319396973, 1.109176516532898, 1.114574909210205, 1.1200604438781738, 1.1435470581054688, 1.0233403444290161, 1.0062819719314575, 0.9896624684333801, 0.9845865368843079, 0.9813029766082764, 0.9780153036117554, 0.9747227430343628, 0.9723453521728516, 0.9781229496002197, 0.9840213656425476, 0.9900451302528381, 1.0319008827209473], "PuntosY": [-1.1291691064834595, -1.1133040189743042, -1.104364037513733, -0.95033198595047, -0.9337568879127502, -0.9230047464370728, -0.5178565382957458, -0.4963268041610718, -0.48150262236595154, -0.4683559834957123, -0.4552968144416809, -0.4439825117588043, -0.4354693293571472, -0.4268331527709961, -0.37000373005867004, -0.35236063599586487, -0.33699798583984375, -0.324014812707901, -0.311088502407074, -0.29821619391441345, -0.2883054316043854, -0.27847951650619507, -0.23555725812911987, -0.21963107585906982, -0.2051232010126114, 3.0384398996829987e-08, 0.01473118457943201, 0.028998957946896553, 0.04300305247306824, 0.056762389838695526, 0.07047302275896072, 0.08400928229093552, 0.09754211455583572, 0.11101587861776352, 0.12442796677350998, 0.1379615217447281, 0.15144553780555725, 0.16499727964401245, 0.17870764434337616, 0.1924217939376831, 0.20634275674819946, 0.22046959400177002, 0.23465654253959656, 0.2492944449186325, 0.2641492486000061, 0.2793179154396057, 0.29516497254371643, 0.3113422393798828, 0.32878729701042175, 0.34737712144851685, 0.36860355734825134, 0.3164021968841553, 0.32070139050483704, 0.3299972712993622, 0.33949992060661316, 0.3489915430545807, 0.35847416520118713, 0.3693469762802124, 0.38192006945610046, 0.39469170570373535, 0.40766873955726624, 0.4275549054145813, 0.42388150095939636, 0.427141398191452, 0.43031761050224304, 0.4383663237094879, 0.44720572233200073, 0.45605605840682983, 0.4649190306663513, 0.474244624376297, 0.4876740872859955, 0.5013840198516846, 0.5153850317001343, 0.5486714243888855]}
{"Iteracion": 3, "PuntosX": [1.4200674295425415, 1.4250600337982178, 1.4390350580215454, 1.5512421131134033, 1.5543544292449951, 1.5671052932739258, 1.5358484983444214, 1.5232573747634888, 1.5109399557113647, 1.5095314979553223, 1.5119527578353882, 1.514369249343872, 1.526148796081543, 1.5480072498321533, 1.6902680397033691, 1.64094078540802, 1.6294013261795044, 1.6180932521820068, 1.6186028718948364, 1.6212102174758911, 1.623817801475525, 1.6427230834960938, 1.7897961139678955, 1.789254903793335, 1.800737977027893, 1.75095796585083, 1.6885581016540527, 1.6618760824203491, 1.6427726745605469, 1.626011848449707, 1.6146652698516846, 1.6035590171813965, 1.5953830480575562, 1.588183879852295, 1.5816065073013306, 1.57750403881073, 1.573416829109192, 1.5704584121704102, 1.5691121816635132, 1.5677651166915894, 1.5679658651351929, 1.5693620443344116, 1.5707645416259766, 1.5746532678604126, 1.5791665315628052, 1.5848054885864258, 1.5932859182357788, 1.6025007963180542, 1.6168341636657715, 1.6351933479309082, 1.6638644933700562, 1.1411395072937012, 1.1186903715133667, 1.1146377325057983, 1.111038327217102, 1.1074424982070923, 1.1038506031036377, 1.1046249866485596, 1.1099439859390259, 1.115347146987915, 1.120836615562439, 1.1451290845870972, 1.02353835105896, 1.0064773559570312, 0.9898547530174255, 0.9851430058479309, 0.9818577170372009, 0.9785683751106262, 0.9752742648124695, 0.9731706380844116, 0.9789541959762573, 0.9848582744598389, 0.9908876419067383, 1.0356477499008179],